timestamp,open,high,low,close
2024-01-01T00:00:00+00:00,100.0,100.0,100.0,100.0
2024-01-01T01:00:00+00:00,100.0,102.0,100.0,102.0
2024-01-01T02:00:00+00:00,102.0,104.0,102.0,104.0
2024-01-01T03:00:00+00:00,104.0,106.0,104.0,106.0
2024-01-01T04:00:00+00:00,106.0,108.0,106.0,108.0
2024-01-01T05:00:00+00:00,108.0,110.0,108.0,110.0
2024-01-01T06:00:00+00:00,110.0,110.0,109.0,109.0
2024-01-01T07:00:00+00:00,109.0,109.0,108.0,108.0
2024-01-01T08:00:00+00:00,108.0,108.0,107.0,107.0
2024-01-01T09:00:00+00:00,107.0,107.0,106.0,106.0
2024-01-01T10:00:00+00:00,106.0,106.0,105.0,105.0
2024-01-01T11:00:00+00:00,105.0,108.236,105.0,108.236
2024-01-01T12:00:00+00:00,108.236,111.47200000000001,108.236,111.47200000000001
2024-01-01T13:00:00+00:00,111.47200000000001,114.708,111.47200000000001,114.708
2024-01-01T14:00:00+00:00,114.708,117.944,114.708,117.944
2024-01-01T15:00:00+00:00,117.944,121.18,117.944,121.18
2024-01-01T16:00:00+00:00,121.18,121.18,119.944,119.944
2024-01-01T17:00:00+00:00,119.944,119.944,118.708,118.708
2024-01-01T18:00:00+00:00,118.708,118.708,117.47200000000001,117.47200000000001
2024-01-01T19:00:00+00:00,117.47200000000001,117.47200000000001,116.236,116.236
2024-01-01T20:00:00+00:00,116.236,116.236,115.0,115.0
2024-01-01T21:00:00+00:00,115.0,117.0,115.0,117.0
2024-01-01T22:00:00+00:00,117.0,119.0,117.0,119.0
2024-01-01T23:00:00+00:00,119.0,121.0,119.0,121.0
2024-01-02T00:00:00+00:00,121.0,123.0,121.0,123.0
2024-01-02T01:00:00+00:00,123.0,125.0,123.0,125.0
